{"init":"144bc6ad-842f-4448-915e-ca06d618ae37","name":"testavatar","author":"","modified":1733207429,"version":1,"projects":[{"file":"pangu3d/universe/published/542926978408251403/9f00977c-10f5-4409-a6ec-74a8737fe6d9.ws","icon":"pangu3d/universe/published/542926978408251403/625c1820-e587-4165-ae1e-5a4b00aab14b.png","name":"Project_0","uuid":"d7b309a0-0a3d-400a-8872-a8c3cce4aa96"}],"resource_map":[{"name":"ef_tongyong_ganga","id":10510,"icon":"https://cdn.math-thinking.pipacoding.com/pangu3d/resource/vfx/1701506548563-1.png","type":6,"path":[{"platform":"android","url":"https://cdn.math-thinking.pipacoding.com/pangu3d/resource/vfx/1701506532994-1.ab","size":99791,"urlConf":""},{"platform":"ios","url":"https://cdn.math-thinking.pipacoding.com/pangu3d/resource/vfx/1701506528015-1.ab","size":99791,"urlConf":""},{"platform":"mac","url":"https://cdn.math-thinking.pipacoding.com/pangu3d/resource/vfx/1701506522668-1.ab","size":99791,"urlConf":""},{"platform":"windows","url":"https://cdn.math-thinking.pipacoding.com/pangu3d/resource/vfx/1701506500471-1.ab","size":99791,"urlConf":""}]},{"name":"ef_ef_tongyong_tanqi.prefab","id":10364,"icon":"https://cdn.math-thinking.pipacoding.com/pangu3d/resource/vfx/1696821906382-1.png","type":6,"path":[{"platform":"android","url":"https://cdn.math-thinking.pipacoding.com/pangu3d/resource/vfx/1697451529975-1.ab","size":260060,"urlConf":""},{"platform":"ios","url":"https://cdn.math-thinking.pipacoding.com/pangu3d/resource/vfx/1697451533391-1.ab","size":260060,"urlConf":""},{"platform":"mac","url":"https://cdn.math-thinking.pipacoding.com/pangu3d/resource/vfx/1697451536389-1.ab","size":260060,"urlConf":""},{"platform":"windows","url":"https://cdn.math-thinking.pipacoding.com/pangu3d/resource/vfx/1697451539553-1.ab","size":260060,"urlConf":""}]},{"name":"ef_tongyong_weixie.prefab","id":10511,"icon":"https://cdn.math-thinking.pipacoding.com/pangu3d/resource/vfx/1701506586550-1.png","type":6,"path":[{"platform":"android","url":"https://cdn.math-thinking.pipacoding.com/pangu3d/resource/vfx/1701506618608-1.ab","size":61047,"urlConf":""},{"platform":"ios","url":"https://cdn.math-thinking.pipacoding.com/pangu3d/resource/vfx/1701506614518-1.ab","size":61047,"urlConf":""},{"platform":"mac","url":"https://cdn.math-thinking.pipacoding.com/pangu3d/resource/vfx/1701506609214-1.ab","size":61047,"urlConf":""},{"platform":"windows","url":"https://cdn.math-thinking.pipacoding.com/pangu3d/resource/vfx/1701506601308-1.ab","size":61047,"urlConf":""}]},{"name":"ef_ef_tongyong_huanxiao.prefab","id":10361,"icon":"https://cdn.math-thinking.pipacoding.com/pangu3d/resource/vfx/1696821780590-1.png","type":6,"path":[{"platform":"android","url":"https://cdn.math-thinking.pipacoding.com/pangu3d/resource/vfx/1697786613827-1.ab","size":234444,"urlConf":""},{"platform":"ios","url":"https://cdn.math-thinking.pipacoding.com/pangu3d/resource/vfx/1697786618990-1.ab","size":234444,"urlConf":""},{"platform":"mac","url":"https://cdn.math-thinking.pipacoding.com/pangu3d/resource/vfx/1697786622291-1.ab","size":234444,"urlConf":""},{"platform":"windows","url":"https://cdn.math-thinking.pipacoding.com/pangu3d/resource/vfx/1697786626704-1.ab","size":234444,"urlConf":""}]},{"name":"a1","id":11176,"icon":"https://cdn.math-thinking.pipacoding.com","type":5,"path":[{"platform":"common","url":"https://cdn.math-thinking.pipacoding.com/pangu3d/resource/sound/1702890979368-1-196843135.29999998-48978.wav","size":48978,"urlConf":""}]},{"name":"ef_ef_tongyong_kuangxi.prefab","id":10360,"icon":"https://cdn.math-thinking.pipacoding.com/pangu3d/resource/vfx/1696821611741-1.png","type":6,"path":[{"platform":"android","url":"https://cdn.math-thinking.pipacoding.com/pangu3d/resource/vfx/1697451614798-1.ab","size":810979,"urlConf":""},{"platform":"ios","url":"https://cdn.math-thinking.pipacoding.com/pangu3d/resource/vfx/1697451618535-1.ab","size":810979,"urlConf":""},{"platform":"mac","url":"https://cdn.math-thinking.pipacoding.com/pangu3d/resource/vfx/1697451621701-1.ab","size":810979,"urlConf":""},{"platform":"windows","url":"https://cdn.math-thinking.pipacoding.com/pangu3d/resource/vfx/1697451625025-1.ab","size":810979,"urlConf":""}]},{"name":"ef_ef_tongyong_xihuan.prefab","id":10365,"icon":"https://cdn.math-thinking.pipacoding.com/pangu3d/resource/vfx/1696836989903-1.png","type":6,"path":[{"platform":"android","url":"https://cdn.math-thinking.pipacoding.com/pangu3d/resource/vfx/1697451506026-1.ab","size":253212,"urlConf":""},{"platform":"ios","url":"https://cdn.math-thinking.pipacoding.com/pangu3d/resource/vfx/1697451510360-1.ab","size":253212,"urlConf":""},{"platform":"mac","url":"https://cdn.math-thinking.pipacoding.com/pangu3d/resource/vfx/1697451513256-1.ab","size":253212,"urlConf":""},{"platform":"windows","url":"https://cdn.math-thinking.pipacoding.com/pangu3d/resource/vfx/1697451516893-1.ab","size":253212,"urlConf":""}]},{"name":"01-\u5C0F\u5965\u7591\u95EE","id":11298,"icon":"https://cdn.math-thinking.pipacoding.com","type":5,"path":[{"platform":"common","url":"https://cdn.math-thinking.pipacoding.com/pangu3d/resource/sound/1703762112159-1-7535908-45947.mp3","size":45947,"urlConf":""}]},{"name":"\u624B\u6307","id":10044,"icon":"https://cdn.math-thinking.pipacoding.com/pangu3d/resource/sprite2d/1686213275742-1.png","type":2,"path":[{"platform":"common","url":"https://cdn.math-thinking.pipacoding.com/pangu3d/resource/sprite2d/1686213224800-1.png","size":8855,"urlConf":""}]},{"name":"ef_ef_tongyong_paixiongpu.prefab","id":10362,"icon":"https://cdn.math-thinking.pipacoding.com/pangu3d/resource/vfx/1696821790953-1.png","type":6,"path":[{"platform":"android","url":"https://cdn.math-thinking.pipacoding.com/pangu3d/resource/vfx/1697451571520-1.ab","size":293312,"urlConf":""},{"platform":"ios","url":"https://cdn.math-thinking.pipacoding.com/pangu3d/resource/vfx/1697451574420-1.ab","size":293312,"urlConf":""},{"platform":"mac","url":"https://cdn.math-thinking.pipacoding.com/pangu3d/resource/vfx/1697451577328-1.ab","size":293312,"urlConf":""},{"platform":"windows","url":"https://cdn.math-thinking.pipacoding.com/pangu3d/resource/vfx/1697451580235-1.ab","size":293312,"urlConf":""}]},{"name":"_0001_\u76EE\u6807","id":10175,"icon":"https://cdn.math-thinking.pipacoding.com/pangu3d/resource/sprite2d/1692325000798-1.png","type":2,"path":[{"platform":"common","url":"https://cdn.math-thinking.pipacoding.com/pangu3d/resource/sprite2d/1692324994022-1.png","size":198593,"urlConf":""}]},{"name":"Effect50","id":11175,"icon":"https://cdn.math-thinking.pipacoding.com","type":5,"path":[{"platform":"common","url":"https://cdn.math-thinking.pipacoding.com/pangu3d/resource/sound/1702870429699-1-176293466.1-190430.wav","size":190430,"urlConf":""}]},{"name":"empty","id":10548,"icon":"https://cdn.math-thinking.pipacoding.com/pangu3d/resource/sprite3d/1701849846408-1.png","type":1,"path":[{"platform":"android","url":"https://cdn.math-thinking.pipacoding.com/pangu3d/resource/sprite3d/1719043544270-1-692573.8000000119-205849.ab","size":205849,"urlConf":""},{"platform":"ios","url":"https://cdn.math-thinking.pipacoding.com/pangu3d/resource/sprite3d/1719043523726-1-672030.6000000238-63281.ab","size":63281,"urlConf":""},{"platform":"mac","url":"https://cdn.math-thinking.pipacoding.com/pangu3d/resource/sprite3d/1719043534231-1-682535.4000000358-57937.ab","size":57937,"urlConf":""},{"platform":"windows","url":"https://cdn.math-thinking.pipacoding.com/pangu3d/resource/sprite3d/1703312481968-1-618348736.5-51474.ab","size":51474,"urlConf":""}]},{"name":"ef_tongyongjingtanhao_01.prefab","id":10352,"icon":"https://cdn.math-thinking.pipacoding.com/pangu3d/resource/vfx/1695267159870-1.png","type":6,"path":[{"platform":"android","url":"https://cdn.math-thinking.pipacoding.com/pangu3d/resource/vfx/1697786349920-1.ab","size":93737,"urlConf":""},{"platform":"ios","url":"https://cdn.math-thinking.pipacoding.com/pangu3d/resource/vfx/1697786358803-1.ab","size":93737,"urlConf":""},{"platform":"mac","url":"https://cdn.math-thinking.pipacoding.com/pangu3d/resource/vfx/1697786366751-1.ab","size":93737,"urlConf":""},{"platform":"windows","url":"https://cdn.math-thinking.pipacoding.com/pangu3d/resource/vfx/1697786372096-1.ab","size":93737,"urlConf":""}]},{"name":"ef_ef_tongyong_kuqi.prefab","id":10363,"icon":"https://cdn.math-thinking.pipacoding.com/pangu3d/resource/vfx/1696821885255-1.png","type":6,"path":[{"platform":"android","url":"https://cdn.math-thinking.pipacoding.com/pangu3d/resource/vfx/1702629177073-1.ab","size":232421,"urlConf":""},{"platform":"ios","url":"https://cdn.math-thinking.pipacoding.com/pangu3d/resource/vfx/1702629181052-1.ab","size":232421,"urlConf":""},{"platform":"mac","url":"https://cdn.math-thinking.pipacoding.com/pangu3d/resource/vfx/1702629185097-1.ab","size":232421,"urlConf":""},{"platform":"windows","url":"https://cdn.math-thinking.pipacoding.com/pangu3d/resource/vfx/1702629189024-1.ab","size":232421,"urlConf":""}]},{"name":"\u9B54\u6CD5\u68EE\u6797\u97F3\u4E50","id":12055,"icon":"https://cdn.math-thinking.pipacoding.com","type":4,"path":[{"platform":"common","url":"https://cdn.math-thinking.pipacoding.com/pangu3d/resource/music/1732764830488-1-58176980.39999999-560318.mp3","size":560318,"urlConf":""}]},{"name":"\u9B54\u6CD5\u4E66400_400","id":12056,"icon":"https://cdn.math-thinking.pipacoding.com/pangu3d/resource/sprite2d/1732781778176-1.png","type":2,"path":[{"platform":"common","url":"https://cdn.math-thinking.pipacoding.com/pangu3d/resource/sprite2d/1732781775796-1-75122288.8-156172.png","size":156172,"urlConf":""}]},{"name":"\u9B54\u6CD5\u4E66\u5149\u6548","id":12057,"icon":"https://cdn.math-thinking.pipacoding.com/pangu3d/resource/sprite2d/1732781791868-1.png","type":2,"path":[{"platform":"common","url":"https://cdn.math-thinking.pipacoding.com/pangu3d/resource/sprite2d/1732781790477-1-75136969.8-308605.png","size":308605,"urlConf":""}]},{"name":"\u8840\u91CF","id":12058,"icon":"https://cdn.math-thinking.pipacoding.com/pangu3d/resource/sprite2d/1732785412766-1.png","type":2,"path":[{"platform":"common","url":"https://cdn.math-thinking.pipacoding.com/pangu3d/resource/sprite2d/1732785410725-1-78757217.2-35797.png","size":35797,"urlConf":""}]},{"name":"\u65E5\u672C\u7FA4\u661F (\u30AA\u30E0\u30CB\u30D0\u30B9) - 3AM (Rainy)","id":12065,"icon":"https://cdn.math-thinking.pipacoding.com","type":4,"path":[{"platform":"common","url":"https://cdn.math-thinking.pipacoding.com/pangu3d/resource/music/1732937186851-1-230534561.8-2056259.mp3","size":2056259,"urlConf":""}]},{"name":"slm.prefab","id":12054,"icon":"https://cdn.math-thinking.pipacoding.com/pangu3d/resource/sprite3d/1732707506302-1-852794-10919.png","type":1,"path":[{"platform":"android","url":"https://cdn.math-thinking.pipacoding.com/pangu3d/resource/sprite3d/1732707520312-1-866804.299999997-338872.ab","size":338872,"urlConf":""},{"platform":"ios","url":"https://cdn.math-thinking.pipacoding.com/pangu3d/resource/sprite3d/1732707524713-1-871205.299999997-338872.ab","size":338872,"urlConf":""},{"platform":"mac","url":"https://cdn.math-thinking.pipacoding.com/pangu3d/resource/sprite3d/1732707528298-1-874790.200000003-338872.ab","size":338872,"urlConf":""},{"platform":"windows","url":"https://cdn.math-thinking.pipacoding.com/pangu3d/resource/sprite3d/1733110344298-1-403693237-328847.ab","size":328847,"urlConf":""}]},{"name":"bianchenbaodian.prefab","id":12076,"icon":"https://cdn.math-thinking.pipacoding.com/pangu3d/resource/sprite3d/1733129258250-1-4930687.5-10919.png","type":1,"path":[{"platform":"android","url":"https://cdn.math-thinking.pipacoding.com/pangu3d/resource/sprite3d/1733129274503-1-4946940.299999952-405945.ab","size":405945,"urlConf":""},{"platform":"ios","url":"https://cdn.math-thinking.pipacoding.com/pangu3d/resource/sprite3d/1733129278240-1-4950677.299999952-405945.ab","size":405945,"urlConf":""},{"platform":"mac","url":"https://cdn.math-thinking.pipacoding.com/pangu3d/resource/sprite3d/1733129281764-1-4954201.600000024-405945.ab","size":405945,"urlConf":""},{"platform":"windows","url":"https://cdn.math-thinking.pipacoding.com/pangu3d/resource/sprite3d/1733129285344-1-4957781.5-405945.ab","size":405945,"urlConf":""}]},{"name":"eff_kaiqibaoxiang","id":12072,"icon":"https://cdn.math-thinking.pipacoding.com/pangu3d/resource/vfx/1733121047347-1-414396286.4-10919.png","type":6,"path":[{"platform":"android","url":"https://cdn.math-thinking.pipacoding.com/pangu3d/resource/vfx/1733121029109-1-414378048.4-185213.ab","size":185213,"urlConf":""},{"platform":"ios","url":"https://cdn.math-thinking.pipacoding.com/pangu3d/resource/vfx/1733121033298-1-414382237.09999996-185213.ab","size":185213,"urlConf":""},{"platform":"mac","url":"https://cdn.math-thinking.pipacoding.com/pangu3d/resource/vfx/1733121037360-1-414386299-185213.ab","size":185213,"urlConf":""},{"platform":"windows","url":"https://cdn.math-thinking.pipacoding.com/pangu3d/resource/vfx/1733121041050-1-414389989.3-185213.ab","size":185213,"urlConf":""}]},{"name":"bailing.prefab","id":12059,"icon":"https://cdn.math-thinking.pipacoding.com/pangu3d/resource/sprite3d/1732793788291-1-87134783.8-10919.png","type":1,"path":[{"platform":"android","url":"https://cdn.math-thinking.pipacoding.com/pangu3d/resource/sprite3d/1732793770320-1-87116812.7-1511426.ab","size":1511426,"urlConf":""},{"platform":"ios","url":"https://cdn.math-thinking.pipacoding.com/pangu3d/resource/sprite3d/1732793776789-1-87123281.2-1511426.ab","size":1511426,"urlConf":""},{"platform":"mac","url":"https://cdn.math-thinking.pipacoding.com/pangu3d/resource/sprite3d/1732793780139-1-87126631.3-1511426.ab","size":1511426,"urlConf":""},{"platform":"windows","url":"https://cdn.math-thinking.pipacoding.com/pangu3d/resource/sprite3d/1733125946111-1-1618548.1999999285-1936947.ab","size":1936947,"urlConf":""}]},{"name":"hemuq.prefab","id":12060,"icon":"https://cdn.math-thinking.pipacoding.com/pangu3d/resource/sprite3d/1732793807191-1-87153683.10000001-10919.png","type":1,"path":[{"platform":"android","url":"https://cdn.math-thinking.pipacoding.com/pangu3d/resource/sprite3d/1732793834934-1-87181426.3-2682093.ab","size":2682093,"urlConf":""},{"platform":"ios","url":"https://cdn.math-thinking.pipacoding.com/pangu3d/resource/sprite3d/1732793843612-1-87190104.3-2682093.ab","size":2682093,"urlConf":""},{"platform":"mac","url":"https://cdn.math-thinking.pipacoding.com/pangu3d/resource/sprite3d/1732793847345-1-87193837.2-2682093.ab","size":2682093,"urlConf":""},{"platform":"windows","url":"https://cdn.math-thinking.pipacoding.com/pangu3d/resource/sprite3d/1733131766984-1-7439422.1999999285-1798765.ab","size":1798765,"urlConf":""}]},{"name":"tset2d-demo.unity","id":12053,"icon":"https://cdn.math-thinking.pipacoding.com/pangu3d/resource/scene/1732615866783-1-75316.29999999702-23476.png","type":3,"path":[{"platform":"android","url":"https://cdn.math-thinking.pipacoding.com/pangu3d/resource/scene/1733196297448-1-89728310.60000002-93358224.ab","size":93358224,"urlConf":"https://cdn.math-thinking.pipacoding.com/pangu3d/resource/scene/1733196312478-1-89743339.9000001-31.conf"},{"platform":"ios","url":"https://cdn.math-thinking.pipacoding.com/pangu3d/resource/scene/1733196300624-1-89731485.9000001-93358224.ab","size":93358224,"urlConf":"https://cdn.math-thinking.pipacoding.com/pangu3d/resource/scene/1733196315388-1-89746250.4000001-31.conf"},{"platform":"mac","url":"https://cdn.math-thinking.pipacoding.com/pangu3d/resource/scene/1733196303026-1-89733888.80000007-93358224.ab","size":93358224,"urlConf":"https://cdn.math-thinking.pipacoding.com/pangu3d/resource/scene/1733196317925-1-89748787.70000005-31.conf"},{"platform":"windows","url":"https://cdn.math-thinking.pipacoding.com/pangu3d/resource/scene/1733196305535-1-89736397.4000001-93358224.ab","size":93358224,"urlConf":"https://cdn.math-thinking.pipacoding.com/pangu3d/resource/scene/1733196320373-1-89751235.20000005-31.conf"}]},{"name":"ef_wenhao.prefab","id":10351,"icon":"https://cdn.math-thinking.pipacoding.com/pangu3d/resource/vfx/1695267104149-1.png","type":6,"path":[{"platform":"android","url":"https://cdn.math-thinking.pipacoding.com/pangu3d/resource/vfx/1697786509290-1.ab","size":159806,"urlConf":""},{"platform":"ios","url":"https://cdn.math-thinking.pipacoding.com/pangu3d/resource/vfx/1697786518723-1.ab","size":159806,"urlConf":""},{"platform":"mac","url":"https://cdn.math-thinking.pipacoding.com/pangu3d/resource/vfx/1697786530288-1.ab","size":159806,"urlConf":""},{"platform":"windows","url":"https://cdn.math-thinking.pipacoding.com/pangu3d/resource/vfx/1733207229825-1-82903617.10000002-161010.ab","size":161010,"urlConf":""}]},{"name":"baoxiang.prefab","id":12062,"icon":"https://cdn.math-thinking.pipacoding.com/pangu3d/resource/sprite3d/1732870093919-1-163441629.39999998-10919.png","type":1,"path":[{"platform":"android","url":"https://cdn.math-thinking.pipacoding.com/pangu3d/resource/sprite3d/1732870075320-1-163423030-484206.ab","size":484206,"urlConf":""},{"platform":"ios","url":"https://cdn.math-thinking.pipacoding.com/pangu3d/resource/sprite3d/1732870080355-1-163428065.39999998-484206.ab","size":484206,"urlConf":""},{"platform":"mac","url":"https://cdn.math-thinking.pipacoding.com/pangu3d/resource/sprite3d/1732870084095-1-163431805.09999996-484206.ab","size":484206,"urlConf":""},{"platform":"windows","url":"https://cdn.math-thinking.pipacoding.com/pangu3d/resource/sprite3d/1733207250652-1-82924443.5-508962.ab","size":508962,"urlConf":""}]},{"name":"pf_xiaohetao.prefab","id":12061,"icon":"https://cdn.math-thinking.pipacoding.com/pangu3d/resource/sprite3d/1732793895104-1-87241596.7-10919.png","type":1,"path":[{"platform":"android","url":"https://cdn.math-thinking.pipacoding.com/pangu3d/resource/sprite3d/1732793889314-1-87235807.50000001-720444.ab","size":720444,"urlConf":""},{"platform":"ios","url":"https://cdn.math-thinking.pipacoding.com/pangu3d/resource/sprite3d/1732793885928-1-87232420.60000001-720444.ab","size":720444,"urlConf":""},{"platform":"mac","url":"https://cdn.math-thinking.pipacoding.com/pangu3d/resource/sprite3d/1732793882052-1-87228545.10000001-720444.ab","size":720444,"urlConf":""},{"platform":"windows","url":"https://cdn.math-thinking.pipacoding.com/pangu3d/resource/sprite3d/1733131779516-1-7451953.600000024-1266155.ab","size":1266155,"urlConf":""}]},{"name":"INTERNAL_MAP_CONFIG","id":2000000,"icon":"","type":13,"path":[{"platform":"android","url":"https://cdn.math-thinking.pipacoding.com/pangu3d/resource/scene/1733196312478-1-89743339.9000001-31.conf","size":31,"urlConf":""},{"platform":"ios","url":"https://cdn.math-thinking.pipacoding.com/pangu3d/resource/scene/1733196315388-1-89746250.4000001-31.conf","size":31,"urlConf":""},{"platform":"mac","url":"https://cdn.math-thinking.pipacoding.com/pangu3d/resource/scene/1733196317925-1-89748787.70000005-31.conf","size":31,"urlConf":""},{"platform":"windows","url":"https://cdn.math-thinking.pipacoding.com/pangu3d/resource/scene/1733196320373-1-89751235.20000005-31.conf","size":31,"urlConf":""}]}],"globals":[{"refs":["d7b309a0-0a3d-400a-8872-a8c3cce4aa96"],"obj":{"type":"CameraService","id":"a8af06cfce3a4e6e910fdca8cd45cc09","props":{"Name":"Camera","EditMode":0,"Current":"CamEdit"},"children":[{"type":"BlockScript","id":"9ff3fc242d944ba69656cbcb7fe6b37d","props":{"Name":"BlockScript","EditMode":0},"uiState":{"pos":["65.6001","485"],"scroll":["769.6001","405.3999"],"scale":"1"}},{"type":"BlockScript","id":"30b0bc82fc854d57b15e505a83f210d0","props":{"Name":"BlockScript","EditMode":0},"uiState":{"pos":["0","0"],"scroll":["0","0"],"scale":"1"}},{"type":"BlockScript","id":"9fd765db4b1a4eb8973afec5134e934d","props":{"Name":"BlockScript","EditMode":0},"uiState":{"pos":["0","0"],"scroll":["0","0"],"scale":"1"}}]}},{"refs":["d7b309a0-0a3d-400a-8872-a8c3cce4aa96"],"obj":{"type":"Avatar","id":"8ac81d32e3fa42b6842051d4c4a00235","props":{"Name":"Avatar","EditMode":0,"Visible":true,"Position":["-11.46999","4.182121E-16","-15.4946"],"EulerAngles":["0","90","0"],"RotConstraint":0,"ConstraintEulerAngles":["0","0","0"],"Scale":"1","CastShadow":true,"Color":"#FFFFFFFF","Material":"Basic","Transparency":"0","Size":["1.614889","1.896611","0.75788"],"Touchable":true,"Moveable":false,"EnableTouchEvent":true,"PhysicsPreset":"Normal","Density":"0.1","Friction":"0.3","Bounce":"0.5","UseGravity":true,"Lighting":false,"LightType":"Point","LightFace":"Top","LightColor":"#FFFFFFFF","LightIntensity":"1","LightRange":"8","LightSpotAngle":"120","LightInnerSpotAngle":"60","AssetId":0,"JumpImpulse":"3.5","RotationRate":"8","MaxSpeed":"5","Acceleration":"20","Deceleration":"20","GroundFriction":"8","AirFriction":"0.5","AirControl":"0.3","PartResources":["model/Nan_v01/parts/head/head_01.prefab","model/Nan_v01/parts/shoes/shoes_01.prefab","model/Nan_v01/parts/upperbody/upperbody_01.prefab","model/Nan_v01/parts/lowerbody/lowerbody_01.prefab","model/Nan_v01/parts/body/body_01.prefab","model/Nan_v01/parts/eye/eye_01.prefab","model/Nan_v01/parts/eyelid/eyelid_01.prefab","model/Nan_v01/parts/eyebrow/eyebrow_01.prefab","model/Nan_v01/parts/hair/hair_01.prefab"],"SkeletonBone":"model/Nan_v01/parts/boy_skeleton.prefab"},"children":[{"type":"BlockScript","id":"f30d4b9990874ff6905c1708b06c22d3","props":{"Name":"BlockScript","EditMode":0},"uiState":{"pos":["873","469"],"scroll":["873.5","469"],"scale":"1"}}]}}],"library":{"data":{"host":"https://cdn.math-thinking.pipacoding.com","sprites":[{"createdAt":1685438657,"updatedAt":1685673082,"iD":"10023","ver":2,"name":"test1","categoryID":"11","category":"test","icon":"/pangu3d/resource/sprite2d/1685438632383-1.jpeg","attr":"{\"length\":1}","states":{"inview":"inview"},"resources":[{"iD":"10032","ver":1,"name":"abc","icon":"/pangu3d/resource/sprite2d/1685438656787-1.png","preloaded":true,"storages":{"all":{"url":"/pangu3d/resource/sprite2d/1685438632383-1.jpeg","size":60877}},"classID":"2"}],"classID":"2"},{"createdAt":1686213274,"updatedAt":1686213274,"iD":"10035","ver":1,"name":"Finger_2D","categoryID":"11","category":"test","icon":"/pangu3d/resource/sprite2d/1686213224800-1.png","attr":"{\"length\":1}","states":{"inview":"inview"},"resources":[{"iD":"10044","ver":1,"name":"\u624B\u6307","icon":"/pangu3d/resource/sprite2d/1686213275742-1.png","preloaded":true,"storages":{"all":{"url":"/pangu3d/resource/sprite2d/1686213224800-1.png","size":8855}},"classID":"2"}],"classID":"2"},{"createdAt":1686213379,"updatedAt":1686213485,"iD":"10036","ver":2,"name":"Aperture","categoryID":"11","category":"test","icon":"/pangu3d/resource/sprite2d/1686213323235-1.png","attr":"{\"length\":1}","states":{"inview":"inview"},"resources":[{"iD":"10045","ver":1,"name":"\u5149\u5708","icon":"/pangu3d/resource/sprite2d/1686213380990-1.png","preloaded":true,"storages":{"all":{"url":"/pangu3d/resource/sprite2d/1686213323235-1.png","size":33882}},"classID":"2"}],"classID":"2"},{"createdAt":1685005387,"updatedAt":1706092100,"iD":"10012","ver":38,"name":"\u827E\u8FBE","categoryID":"13","category":"Courses","icon":"/pangu3d/resource/sprite3d/1691656089845-1.png","states":{"inview":"inview"},"resources":[{"iD":"10020","ver":38,"name":"aida.prefab","icon":"/pangu3d/resource/sprite3d/1691656090277-1.png","largeIcon":"/pangu3d/resource/sprite3d/1691656089845-1.png","preloaded":true,"storages":{"android":{"url":"/pangu3d/resource/sprite3d/1706090031673-1-110738101.19999993-3618089.ab","md5":"9de524f118597c40bff81a79d2b3d28f","size":3618089},"ios":{"url":"/pangu3d/resource/sprite3d/1706090027857-1-110734285.89999998-3618089.ab","md5":"9de524f118597c40bff81a79d2b3d28f","size":3618089},"mac":{"url":"/pangu3d/resource/sprite3d/1706090023944-1-110730372.80000007-3618089.ab","md5":"9de524f118597c40bff81a79d2b3d28f","size":3618089},"windows":{"url":"/pangu3d/resource/sprite3d/1706092099383-1-112805811.39999998-3618482.ab","md5":"537eda3eed9e2a2215482f14bff0d3e8","size":3618482}},"classID":"1"}],"classID":"1"},{"createdAt":1686108018,"updatedAt":1691401770,"iD":"10034","ver":7,"name":"\u7A7A\u76D2\u5B50","categoryID":"13","category":"Courses","icon":"/pangu3d/resource/sprite3d/1686108014742-1.png","states":{"inview":"inview"},"resources":[{"iD":"10043","ver":7,"name":"blockout1mx1m","icon":"/pangu3d/resource/sprite3d/1686108015442-1.png","largeIcon":"/pangu3d/resource/sprite3d/1686108014742-1.png","preloaded":true,"storages":{"android":{"url":"/pangu3d/resource/sprite3d/1686108235186-1.prefab","md5":"5f574be01e719d832ab078b648d377dc","size":3343},"ios":{"url":"/pangu3d/resource/sprite3d/1686108238754-1.prefab","md5":"5f574be01e719d832ab078b648d377dc","size":3343},"mac":{"url":"/pangu3d/resource/sprite3d/1686108241543-1.prefab","md5":"5f574be01e719d832ab078b648d377dc","size":3343},"windows":{"url":"/pangu3d/resource/sprite3d/1686903044204-1.ab","md5":"082c084adac5c4f966ed35c4a0e9742a","size":44640}},"classID":"1"}],"classID":"1"},{"createdAt":1713948988,"updatedAt":1719044800,"iD":"11389","ver":10,"name":"\u65AD\u6865","categoryID":"13","category":"Courses","icon":"/pangu3d/resource/sprite3d/1713948942324-1-180203719.79999995-4588.jpg","states":{"inview":"inview"},"resources":[{"iD":"11429","ver":10,"name":"duanqiao","icon":"/pangu3d/resource/sprite3d/1713948942790-1-180204186.39999986-7710.png","largeIcon":"/pangu3d/resource/sprite3d/1713948942324-1-180203719.79999995-4588.jpg","preloaded":true,"storages":{"android":{"url":"/pangu3d/resource/sprite3d/1719043335687-1-483992-679799.ab","md5":"b1a7529ffacf3d445b6885f79fe9454a","size":679799},"ios":{"url":"/pangu3d/resource/sprite3d/1719043981938-1-1130242.4000000358-549252.ab","md5":"c83c63acb764d754366752ddca01b362","size":549252},"mac":{"url":"/pangu3d/resource/sprite3d/1719044798956-1-1947260.5-519801.ab","md5":"877288d098f00719b3275cd39df4dca2","size":519801},"windows":{"url":"/pangu3d/resource/sprite3d/1718872841241-1-106187109.2-511974.ab","md5":"2b45b1765e688d08b2ade7ef2c034ad0","size":511974}},"classID":"1"}],"classID":"1"},{"createdAt":1686903363,"updatedAt":1701509486,"iD":"10062","ver":14,"name":"\u8DEF\u5F84\uFF082\uFF09","categoryID":"13","category":"Courses","icon":"/pangu3d/resource/sprite3d/1692088164606-1.png","states":{"inview":"inview"},"resources":[{"iD":"10071","ver":14,"name":"gezi02.prefab","icon":"/pangu3d/resource/sprite3d/1692088166822-1.png","largeIcon":"/pangu3d/resource/sprite3d/1692088164606-1.png","preloaded":true,"storages":{"android":{"url":"/pangu3d/resource/sprite3d/1701509474357-1.ab","md5":"b752c0eb9adee8aedaf2fdccf8443aa0","size":94255},"ios":{"url":"/pangu3d/resource/sprite3d/1701509478977-1.ab","md5":"b752c0eb9adee8aedaf2fdccf8443aa0","size":94255},"mac":{"url":"/pangu3d/resource/sprite3d/1701509482042-1.ab","md5":"b752c0eb9adee8aedaf2fdccf8443aa0","size":94255},"windows":{"url":"/pangu3d/resource/sprite3d/1701509485308-1.ab","md5":"b752c0eb9adee8aedaf2fdccf8443aa0","size":94255}},"classID":"1"}],"classID":"1"},{"createdAt":1685005441,"updatedAt":1691656075,"iD":"10013","ver":7,"name":"\u6C7D\u8F66","categoryID":"13","category":"Courses","icon":"/pangu3d/resource/sprite3d/1691656075173-1.png","states":{"inview":"inview"},"resources":[{"iD":"10021","ver":7,"name":"che","icon":"/pangu3d/resource/sprite3d/1691656075672-1.png","largeIcon":"/pangu3d/resource/sprite3d/1691656075173-1.png","preloaded":true,"storages":{"android":{"url":"/pangu3d/resource/sprite3d/1685006990256-1.ab","md5":"ae67f7d511c644107cedabe2c3f5d328","size":2288637},"ios":{"url":"/pangu3d/resource/sprite3d/1685006987550-1.ab","md5":"ae67f7d511c644107cedabe2c3f5d328","size":2288637},"mac":{"url":"/pangu3d/resource/sprite3d/1685006985407-1.ab","md5":"ae67f7d511c644107cedabe2c3f5d328","size":2288637},"windows":{"url":"/pangu3d/resource/sprite3d/1686903095921-1.ab","md5":"0d6f3e8a5dbecd65283c93a32a8265f2","size":2288655}},"classID":"1"}],"classID":"1"},{"createdAt":1686293223,"updatedAt":1702698213,"iD":"10037","ver":7,"name":"\u673A\u5668\u72D7","categoryID":"13","category":"Courses","icon":"/pangu3d/resource/sprite3d/1691656024038-1.png","states":{"inview":"inview"},"resources":[{"iD":"10046","ver":7,"name":"jiqigou.prefab","icon":"/pangu3d/resource/sprite3d/1691656024575-1.png","largeIcon":"/pangu3d/resource/sprite3d/1691656024038-1.png","preloaded":true,"storages":{"android":{"url":"/pangu3d/resource/sprite3d/1702698070341-1-3932838.5-2147958.ab","md5":"1a5a59b2aa4850c58515816f55dd0625","size":2147958},"ios":{"url":"/pangu3d/resource/sprite3d/1702698076213-1-3938710.5-2147958.ab","md5":"1a5a59b2aa4850c58515816f55dd0625","size":2147958},"mac":{"url":"/pangu3d/resource/sprite3d/1702698079925-1-3942422.400000006-2147958.ab","md5":"1a5a59b2aa4850c58515816f55dd0625","size":2147958},"windows":{"url":"/pangu3d/resource/sprite3d/1702698083241-1-3945738.300000012-2147958.ab","md5":"1a5a59b2aa4850c58515816f55dd0625","size":2147958}},"classID":"1"}],"classID":"1"},{"createdAt":1685005513,"updatedAt":1720090209,"iD":"10015","ver":19,"name":"\u65E0\u4EBA\u673A","categoryID":"13","category":"Courses","icon":"/pangu3d/resource/sprite3d/1716449924022-1-8498108.699999988-1135436.png","states":{"inview":"inview"},"resources":[{"iD":"10023","ver":19,"name":"wurenji.prefab","icon":"/pangu3d/resource/sprite3d/1716449925346-1-8499433.199999988-10977.png","largeIcon":"/pangu3d/resource/sprite3d/1716449924022-1-8498108.699999988-1135436.png","preloaded":true,"storages":{"android":{"url":"/pangu3d/resource/sprite3d/1720086278922-1-112702342.2-1087443.ab","md5":"23be534afb0e2805e6d5802b4bdcb069","size":1087443},"ios":{"url":"/pangu3d/resource/sprite3d/1720086290224-1-112713644.1-832201.ab","md5":"4035bafa8eb5b34b25456609b5ce73b2","size":832201},"mac":{"url":"/pangu3d/resource/sprite3d/1720086299846-1-112723266-935244.ab","md5":"53943186820094dad5113e7ffe8931c1","size":935244},"windows":{"url":"/pangu3d/resource/sprite3d/1720090202638-1-116626057.5-924986.ab","md5":"858f1d64392248141e1b14e083db13e2","size":924986}},"classID":"1"}],"classID":"1"},{"createdAt":1685005478,"updatedAt":1702698048,"iD":"10014","ver":22,"name":"\u96F7\u9706","categoryID":"13","category":"Courses","icon":"/pangu3d/resource/sprite3d/1691656037836-1.png","states":{"inview":"inview"},"resources":[{"iD":"10022","ver":22,"name":"jiqiren01.prefab","icon":"/pangu3d/resource/sprite3d/1691656038314-1.png","largeIcon":"/pangu3d/resource/sprite3d/1691656037836-1.png","preloaded":true,"storages":{"android":{"url":"/pangu3d/resource/sprite3d/1702698032763-1-3895261.099999994-4541083.ab","md5":"2160d88aed7adc83d530261aa278b9c4","size":4541083},"ios":{"url":"/pangu3d/resource/sprite3d/1702698037982-1-3900479.599999994-4541083.ab","md5":"2160d88aed7adc83d530261aa278b9c4","size":4541083},"mac":{"url":"/pangu3d/resource/sprite3d/1702698042331-1-3904828.5-4541083.ab","md5":"2160d88aed7adc83d530261aa278b9c4","size":4541083},"windows":{"url":"/pangu3d/resource/sprite3d/1702698046793-1-3909291.300000012-4541083.ab","md5":"2160d88aed7adc83d530261aa278b9c4","size":4541083}},"classID":"1"}],"classID":"1"},{"createdAt":1713320519,"updatedAt":1719044838,"iD":"11363","ver":18,"name":"\u963F\u602A","categoryID":"13","category":"Courses","icon":"/pangu3d/resource/sprite3d/1713320444371-1-46357.09999990463-5818.jpg","states":{"inview":"inview"},"resources":[{"iD":"11403","ver":18,"name":"aguai","icon":"/pangu3d/resource/sprite3d/1713320445099-1-47085.799999952316-4738.png","largeIcon":"/pangu3d/resource/sprite3d/1713320444371-1-46357.09999990463-5818.jpg","preloaded":true,"storages":{"android":{"url":"/pangu3d/resource/sprite3d/1719043371264-1-519568.5-14770600.ab","md5":"1a5c35204b2fbc12350737fb58c7ceb5","size":14770600},"ios":{"url":"/pangu3d/resource/sprite3d/1719044013443-1-1161747.800000012-14558051.ab","md5":"80ec7c11662221d78dc4e80f163559a2","size":14558051},"mac":{"url":"/pangu3d/resource/sprite3d/1719044831839-1-1980143.300000012-15367772.ab","md5":"7df0b91bd140bf70e4d4386bebc8cd3e","size":15367772},"windows":{"url":"/pangu3d/resource/sprite3d/1718872810801-1-106156668.2-15357422.ab","md5":"c3e39d2743f5281631a23cdc4e362c1b","size":15357422}},"classID":"1"}],"classID":"1"}],"assets":[{"createdAt":1685701682,"updatedAt":1685702389,"iD":"10031","ver":4,"name":"\u5F00\u573A\u52A8\u753B","categoryID":"10","category":"test","icon":"","states":{"inview":"inview"},"resource":{"iD":"10040","ver":4,"name":"\u5F00\u573A\u52A8\u753B","icon":"","preloaded":true,"storages":{"all":{"url":"/pangu3d/resource/video/1685701668267-1.mp4","size":2018462}},"classID":"9"},"classID":"9"},{"createdAt":1688634856,"updatedAt":1694157583,"iD":"10138","ver":8,"name":"\u70DF\u82B12","categoryID":"12","category":"1231","icon":"/pangu3d/resource/vfx/1690341352222-1.png","states":{"inview":"inview"},"resource":{"iD":"10152","ver":8,"name":"ef_wurenjiganraodan_02.prefab","icon":"/pangu3d/resource/vfx/1690341352852-1.png","largeIcon":"/pangu3d/resource/vfx/1690341352222-1.png","preloaded":true,"storages":{"android":{"url":"/pangu3d/resource/vfx/1694157555974-1.ab","md5":"37e3b01d0db0842c727c8d1725a92a84","size":192786},"ios":{"url":"/pangu3d/resource/vfx/1694157567404-1.ab","md5":"37e3b01d0db0842c727c8d1725a92a84","size":192786},"mac":{"url":"/pangu3d/resource/vfx/1694157576823-1.ab","md5":"37e3b01d0db0842c727c8d1725a92a84","size":192786},"windows":{"url":"/pangu3d/resource/vfx/1694157583372-1.ab","md5":"37e3b01d0db0842c727c8d1725a92a84","size":192786}},"classID":"6"},"classID":"6"},{"createdAt":1685329264,"updatedAt":1685330619,"iD":"10019","ver":2,"name":"tiandi","categoryID":"10","category":"test","icon":"","states":{"inview":"inview","persp":"persp"},"resource":{"iD":"10028","ver":2,"name":"\u5929\u5730\u51B2\u51FB","icon":"","preloaded":true,"storages":{"all":{"url":"/pangu3d/resource/video/1685329250773-1.mp4","size":17793207}},"classID":"9"},"classID":"9"}]}}}